orig_pos,T1 Target,T1 Argument,T2 Target,T2 Argument,T3 Target,T3 Argument,T4 Target,T4 Argument,T5 Target,T5 Argument
4,diese,St√ºmper,,,,,,,,
6,,am Arsch vorbei,,,,,,,,
8,,AfD Hetze,,,,,,,,
9,Propagandainstitutionen,billigen,,,,,,,,
11,dich,Hetze,,Hetze,,,,,,
26,SPDler,zu Grabe getragen,,,,,,,,
41,Rest,Adolf,,Nazi,,,,,,
43,Bundeskanzlerin,DDR,,,,,,,,
47,Antifaschisten,vernachl√§ssigte,,,,,,,,
49,Anarchisten,√ºben,,,,,,,,
52,Juden,Schweine,Christen,Affen,,,,,,
53,man,Schei√ü,,,,,,,,
59,Regierung,Waschlappen,,,,,,,,
60,Moslems,glaube,,,,,,,,
64,Mistst√ºck,verlogenes,,,,,,,,
66,Moslems,nur,,,,,,,,
72,McCain ,Dreckshaufen,,,,,,,,
73,Invasoren,r√ºcksichtslose,,,,,,,,
74,,intersexuell,,,,,,,,
77,Frau Murksel,NICHTS zu begreifen,,,,,,,,
80,Gr√ºnes Pack,Bodygards verdoppeln,,,,,,,,
90,Araber,ekelhafte Fressen,,,,,,,,
94,Kleber,zensiert,,,,,,,,
103,√ñsi-Gr√ºnen,Niedergang,,,,,,,,
112,sie,Ungerechtigkeit,,Haut ab,,,,,,
114,Erika,weg,,,,,,,,
116,Typ,Agitation,Deutschland,vollst√§ndig vernichtet,,,,,,
117,CDU,h√§ssliche Fratze,,,,,,,,
125,@USER0,Dreck,Schulz,l√§cherliste,,,,,,
130,T√ºrken,erschlichen,,,,,,,,
132,Regierung,Schei√ü,,,,,,,,
134,Braunh√§utigen,verjagen,,,,,,,,
136,Ganoven-Richtern,deutschfeindlichen,,,,,,,,
137,Etwas,sinnvoll,,,,,,,,
141,Die Staatsanwaltschaft/Richter,f√ºhren,,,,,,,,
144,ich,pinkel,,,,,,,,
146,Volk,Scheinheiliges,,,,,,,,
147,Westen,verloren,,,,,,,,
151,Pack,Anarchisten,,,,,,,,
155,RNV,Kongo,,,,,,,,
156,Pal√§stinenser,Terroristen,,,,,,,,
159,Asiaten,Halbnigger,,,,,,,,
160,Kanzlerkandidat,Nulltipper,,,,,,,,
164,Deutschen,taugen nicht viel,,,,,,,,
165,Mullahs,steinigen,,,,,,,,
166,Kinder,abgetrieben,,,,,,,,
167,√ñkoAntifaFeministinnen,verfluchten,,,,,,,,
170,Terroristen,muslimischen,,,,,,,,
172,etwas,fette,,,,,,,,
173,Was,K√ºchenschabe,,,,,,,,
176,Afganen,zerst√∂ren,,,,,,,,
181,die,einen feuchten D....,,,,,,,,
184,CDU,kotzt,,,,,,,,
194,deutsche,d√§mlich,,,,,,,,
201,,kotzen,,,,,,,,
203,Asyl-Politik,deutschfeindliche,,,,,,,,
204,die,gewichst,,,,,,,,
208,Altparteien,abf√§llig,,,,,,,,
212,Herrschenden,Arsch gekrochen,,,,,,,,
220,,Stalinisten,,,,,,,,
221,Doppelmoralistenheuchler,Verlogene,,,,,,,,
224,LINKE,Schei√ü,,,,,,,,
233,Merkel,Volksverr√§terin,,,,,,,,
234,Reihen,dumme,,,,,,,,
236,wir,belogen,,,,,,,,
246,,Idiot,,,,,,,,
252,,Antifantenbrut,Menschen,Linksversifften,,,,,,
254,Juden,Antisemitismus,,,,,,,,
259,Linken,sie taugen nichts,,,,,,,,
262,Kriminellen Fl√ºchtlingen,Afrika-Pack,,,,,,,,
264,,kotzgr√ºne Br√ºhe,,,,,,,,
266,die,Geisteszustand,,,,,,,,
272,er,Holocaust,,,,,,,,
275,,Merkel Vasallen,,,,,,,,
279,Berlin,Kanackenstadt,,,,,,,,
282,Marionette,erniedrigend,,,,,,,,
283,Merkel,Verarschung,,,,,,,,
294,die,verkommen,,,,,,,,
297,,Vasallenpack,,L√ºgenpresse,,,,,,
298,IS,Affen,,,,,,,,
301,Wer,NAZI,,,,,,,,
302,Das,masturbierende,,Pickelplatagen,,,,,,
304,@USER0,Merkel-Blindenhund,,,,,,,,
307,Ideologie,rassistische,,,,,,,,
318,Frau Maischberger,Heuchelnde,,,,,,,,
321,sie,Ahnung,,,,,,,,
330,"""Bayern-Horsti""",Ar***,,,,,,,,
347,ich,pissen,,,,,,,,
354,#Schulz,KZ-Aufseher,,,,,,,,
355,"H,MAAS",lecke es am ARSCHE,,,,,,,,
357,Fahne,draufspuckt,,,,,,,,
365,Parteienlandschaft,verlogene,,,,,,,,
367,Volk,Asylbetrug,,,,,,,,
368,DEUTSCHEN,LIBANESEN-und T√úRKENABSCHAUM,,,,,,,,
369,sie,Dummheit,,,,,,,,
370,Merkel,Vasall,,,,,,,,
371,Poroschenko,hinterfotziger,,,,,,,,
372,Das,"""Schlepper-Unterst√ºtzer""",,,,,,,,
373,Syrien,Analphabeten,,,,,,,,
377,Afrikaner,abhauen,,,,,,,,
378,Merkel,Schwachmaten,,,,,,,,
385,Lieben,Murksel,,,,,,,,
387,L√ºgenbande,Schwachk√∂pfe,,,,,,,,
388,@USER1,Mittelma√ü,,,,,,,,
392,Jerusalem,der kleine Wicht,,,,,,,,
398,"Schwarzafrikanischen ""SYRER""",hyperpigmentierten,,,,,,,,
399,Menschheit,Abschaum ,,,,,,,,
409,,zurh√∂llemitmerkel,,,,,,,,
411,deutschen,√∂ffnet Dachau ,,,,,,,,
415,,SPD Nazis,,,,,,,,
423,Politiker,Schwachmaten,Politiker,Dumpfbacken,,,,,,
426,,Schmarotzer,,,,,,,,
430,MERKEL,ZUR H√ñLLE,,,,,,,,
437,,Ungewaschenen,,,,,,,,
439,M√ºll,hinauszuonanieren,,,,,,,,
441,Gabriel,Witzfigur,,,,,,,,
443,Spinner,hasst,,,,,,,,
452,Merkel,Hitler,,,,,,,,
454,T√ºrken,aggressiv,,,,,,,,
463,Diese,Heuchlerin,,,,,,,,
468,Europ√§er,belogen,,,,,,,,
473,@USER1,niemand mag dich,,,,,,,,
483,Sigmar,Dumpfbacke,,,,,,,,
489,Merkel-Klicke,IQ,,,,,,,,
496,Tauber,lebensm√ºde,,,,,,,,
504,Merkels,Vasall,,,,,,,,
510,Dortmunder,gro√üm√§uligen,,,,,,,,
511,Regierenden,Kommunisten,,,,,,,,
512,Politiker,verlogener,,,,,,,,
517,Schulz,ELENDSFIGUR,,,,,,,,
518,Sie,Sozialtouristen,,,,,,,,
522,Ausl√§nder,Sippenhaftung,,,,,,,,
529,Gr√ºnen,Stinktiere,,,,,,,,
533,#LuegeAfD,Antisemitismus,,,,,,,,
535,er,kein Geld mehr kosten,,,,,,,,
537,Meck-Pomm Schlampe,Pack,,,,,,,,
543,Politik,schwachsinnigere,,,,,,,,
545,Ihr,W√ºrstel,,,,,,,,
546,#Invasoren-#Abschaum,Schei√üe,,,,,,,,
547,diese,alte,,,,,,,,
548,,Schmierfinke,,,,,,,,
554,Profi,Mecklenburger Kuh,,,,,,,,
559,freiwillige ,Affenland,,,,,,,,
561,Kind,Schaukel zu nahe an der Wand,,,,,,,,
563,Westerwelle,Wackeldackel,,,,,,,,
565,illegalen Einwanderern,vergewaltigt,illegalen Einwanderern,bel√§stigt,,,,,,
572,Dir,Ohrfeige,,,,,,,,
575,M√§nner,richtige M√§nner,,,,,,,,
584,diese Leute,Anschl√§ge,,,,,,,,
587,Sohn,Halbneger,,,,,,,,
594,Vasallen,verlogenen,,,,,,,,
602,Partei,Schei ...t,,,,,,,,
604,Kinder,Invasoren,,,,,,,,
615,"""Nest""",zuschei√üen,,,,,,,,
616,,Hurensohn,,,,,,,,
620,Kanzlerkandidat,Jagt ihn davon,,,,,,,,
626,Deutschland,Terror,,,,,,,,
632,der,Gehirn einer Stubenfliege,,,,,,,,
643,Merkel,Vasall,,,,,,,,
646,Schlesien,deutsch,,,,,,,,
652,DEUTSCHE B√úRGER,S√§ue,,,,,,,,
655,Islamismus,davonjagen,,,,,,,,
664,Wallraff,Schei√ü,,,,,,,,
669,zwitter,Behinderung,,,,,,,,
673,Simbabwe,Bananenrepublik,,,,,,,,
675,T√ºrken,schie√üe,,,,,,,,
681,Invasoren,abgeschoben werden,,,,,,,,
686,Landespolitiker,gescheiterte,,,,,,,,
687,Altmaier,Wasserbett,,,,,,,,
690,SPD,dicke Frau,,,,,,,,
691,F√ºhrerin,zujubeln,,,,,,,,
693,M√∂chtegernb√ºrgermeister,Messerstecher,,,,,,,,
698,Das,Spinner,,,,,,,,
708,,spinnen,,,,,,,,
709,Franz Gott,bescheuert,,,,,,,,
710,Die,gefallen,,,,,,,,
715,Stegner,Nazi,,,,,,,,
722,Merkel,entmachtet,,,,,,,,
724,Wer,Verdroschen,,,,,,,,
727,Franzosen,Einwanderer,,,,,,,,
745,jemand,Blitze beim scheissen,,,,,,,,
748,,M√∂rder,,Vergewaltiger,,,,,,
750,Diener,Speichellecker,,,,,,,,
752,Invasoren,illegalen,,,,,,,,
760,Der,taugt doch nichts,,,,,,,,
762,sie,Erdowahn,,,,,,,,
770,Ao,Klugschei√üern,,,,,,,,
776,Gr√ºnen,Deutschfeinde,,,,,,,,
778,Klima,realt√§tverzerrtem,,Klima,linksgestrickten,,,,,
782,Einheit,Lug,Einheit,Trug,,,,,,
787,sich,verpr√ºgeln,,,,,,,,
803,Klo,Scheisshausparolen,,,,,,,,
806,dein Name,Dumm,dein Name,d√ºmmer,,,,,,
808,T√ºrken,Fettbacke behauptet,,,,,,,,
828,Wetterdienst,Arschloch,,,,,,,,
835,ISLAM,HETZ-und Gewaltschrift,,,,,,,,
839,Deutscher,toter,,,,,,,,
841,Gabriel,widerlich,,,,,,,,
844,Leute,doofe,,,,,,,,
846,Negern,verseuchten,,,,,,,,
859,niemand,Dummlaberei,,,,,,,,
866,Menschen,hasse,,,,,,,,
872,Grundrecht,von Juden und Moslems mit F√º√üen getreten,,,,,,,,
874,dumme,eine vor den Latz,,,,,,,,
885,Intrigen Organisationen,Klatsch &amp;,Intrigen Organisationen ,Tratsch &amp,,,,,,
890,Ratte,entsorgten,,,,,,,,
893,Afrika,Verbrecherkollegen,,,,,,,,
896,CDU CSU SPD,Invasoren aufnimmt,,,,,,,,
898,Familien,sterben,,,,,,,,
900,Merkels,Vasallen,,,,,,,,
903,Banken,kriminellen,,,,,,,,
904,ihr,Arsch,,,,,,,,
4,#SPD,St√ºmper,,,,,,,,
6,mir,Arsch,,,,,,,,
8,,AfD Hetze,,,,,,,,
9,Staat,Propagandainstitutionen,,,,,,,,
11,Du,Hetze,,,,,,,,
26,SPDler,zu Grabe,,,,,,,,
41,,Nazi,,,,,,,,
43,Bundeskanzlerin,Meinungsfreiheit,,totgelacht,,,,,,
47,Antifaschisten,vernachl√§ssigte Scheidungskinder,,,,,,,,
49,Linke,Anarchisten,Linken,Anarchisten,Linken Anarchisten,üëäüî•,,,,
52,Juden,Schweine,Juden ,Affen,Christen,Schweine,Christen,Affen,,
53,,Schei√ü,,,,,,,,
59,Regierung,Waschlappen,,,,,,,,
60,glaube der Moslems,was Kinder so aufem kindergartenspielplatz so anstellen,,,,,,,,
64,Merkel,verlogenes Mistst√ºck,Merkel,Denunziantenerfahrung,,,,,,
66,nur Moslems,Abschieben,,,,,,,,
72,McCain,"mit Haut √ºberzogener, verlogener politischer Dreckshaufen",,,,,,,,
73,der jungen |LBR| M√§nner,keine Fl√ºchtlinge,Sie,r√ºcksichtslose Invasoren,,,,,,
74,es,intersexuell,,,,,,,,
77,man,HOHL,Merkel,NICHTS zu begreifen,Merkel,Frau Murksel,,,,
4364,Er,√ºber den Durst gesoffen,f√ºr die Nation,eine Schande,,,,,,
4365,NSU,du Honk,Reker,dusselige,,,,,,
4378,Politiker,l√ºgen permanent und notorisch,ihr komplettes Leben,eine einzige L√ºge,,,,,,
4380,Gr√ºnen,Drogen Missbrauch,Volker Beck,Nie verurteilt heute im Bundestag,,,,,,
4385,man,d√§mlich,Poroschenko,Kriegstreiber,Poroschenko,hofieren,,,,
4389,Medien Merkels,Fl√ºchtlingspropaganda,Medien Merkels,,,,,,,
4397,Ausl√§nderinnen,UNDEUTSCHEN,Ausl√§nderinnen,hinfallen,Ausl√§nderinnen,Nur nicht in unser Sozialsystem,Kalifat DE,mu√ü verhindert werden,Kalifat DE,wird verhindert werden
4409,die deutschen,Kriegsverbrechen,"briten, russen, amis und polen",genau so viel dreck am stecken haben,,,,,,
4412,der Schwuchtel,,,,,,,,,
4413,die herkunft,den Bev√∂lkerungsaustausch,,,,,,,,
4415,der Freggel,So hohl,,eine Krawatte tragen,,,,,,
4418,,ein beg√ºnstigter Scherge des Systems,,,,,,,,
4419,,neue Kreuzz√ºge,,,,,,,,
4423,die,lieben solchen Abschaum |LBR,,,,,,,,
4424,Der DE Schweinejournalimus,Hochkonjunktur,Trump,Hetze,der gr√∂√üten DE Oppositionpartei AFD,diskriminieren,,,,
4425,Deutsche,t√∂ten,,,,,,,,
4433,Deutschland,Diese Migrantenkrieg der Schmarotzer,,,,,,,,
4436,deutschen Schulen,Islamunterricht,,,,,,,,
4440,mein Sohn,erschlagen,,,,,,,,
4444,Merkel,Wo ist der LKW,,,,,,,,
4445,ROTGR√úNSCHWARZGELBen,Einheitsschei√ü,Opposition,ganz p√∂ses Verbrechen,,,,,,
4446,Buntland,unheilbare Krankheiten,Buntland,unbekannte Viren,,,,,,
4460,diese Type,ein erb√§rmlicher Feigling,ihn,verjagen,er,elit√§ren Kreis der gleichgesinnten Deutschen,,,,
4462,Europa,an den Islam verloren,Au√üer Russland und die Insel England,gerade retten,,,,,,
4472,T√úRKEN,ESELFICKER,,,,,,,,
4477,H. MAAS,gef√§hrlichste POLITIKER,DEUTSCHLAND,gef√§hrlichste POLITIKER,,,,,,
4478,Trump,Abschaum,Trump,hetzen,BEIDEN Seiten,Gewalt,,,,
4481,Donald Trump,ein Gro√ümaul,Er,Maul halten,,,,,,
4486,Deutschland,ich hasse den Islam,,,,,,,,
4492,Muschi,Muschi,,,,,,,,
4502,Merkel,das Zeitliche segnet,,,,,,,,
4509,den Linken,eins aufs Maul,,,,,,,,
4515,Ein Antifant,Ein Antifant,,,,,,,,
4517,Die Polen,waren schon immer so,,,,,,,,
4521,AfD,Antisemitismus &amp; #Rassismus,LuegenAfD,einem faschistoiden ¬ªDeutschtum,Diese Partei,eine Schande,,,,
4532,Vom Hoff,Kernseifenfreier,Vom Hoff,Raffst es eh net,,,,,,
4535,du,keine Hetzer oder Rassist sein,Moslems gegen√ºber Christen,Die gr√∂√üten Hetzer und Rassisten,,,,,,
4536,du,geistesgest√∂rt,du,"von #linke n Clowns ""#Rassist"" od. ""#islamophob"" genannt",,,,,,
4538,Schulz,unw√ºrdiger Kanzlerkandidat,,,,,,,,
4540,der kerl,richtiger alman,,,,,,,,
4547,Menschen,importierter Kriminalit√§t und Gewalt,die Politiker,Schamgef√ºhl,,,,,,
4552,uns,geklaut,Bauern,hasse,,,,,,
4553,Kirchen,linksgr√ºner Humanismus,Der,Nationalsozialismus,Der,Islam,,,,
4564,arabischen L√§ndern,"Keine Wissenschaftler, Unis und Produktionen",mittelalterlichen Religionsstrukturen,verharren,,,,,,
